{"full_address":"365 W Passaic St, Rochelle Park, NJ 7662","Coordinates":[40.9179618685,-74.0847480889],"Latitude":40.9179618685,"Longitude":-74.0847480889}
{"full_address":"3625 Del Amo Blvd, Torrance, CA 90503","Coordinates":[33.8486512449,-118.3499225714],"Latitude":33.8486512449,"Longitude":-118.3499225714}
{"full_address":"1099 Wall St W, Lyndhurst, NJ 7071","Coordinates":[40.8062257047,-74.103584396],"Latitude":40.8062257047,"Longitude":-74.103584396}
{"full_address":"299 Park Ave, New York, NY 10171","Coordinates":[40.75604,-73.974448],"Latitude":40.75604,"Longitude":-73.974448}
{"full_address":"3000 Gulf To Bay Blvd, Clearwater, FL 33759","Coordinates":[27.960749,-82.712518],"Latitude":27.960749,"Longitude":-82.712518}
{"full_address":"2911 Turtle Creek Blvd, Dallas, TX 75219","Coordinates":[32.8041943,-96.8060262883],"Latitude":32.8041943,"Longitude":-96.8060262883}
{"full_address":"600 City Pky W, Orange, CA 92868","Coordinates":[33.7830732493,-117.8964062288],"Latitude":33.7830732493,"Longitude":-117.8964062288}
{"full_address":"555 W Beech St, San Diego, CA 92101","Coordinates":[32.720656,-117.167832],"Latitude":32.720656,"Longitude":-117.167832}
{"full_address":"595 Madison Ave, New York, NY 10022","Coordinates":[40.762442,-73.9720675],"Latitude":40.762442,"Longitude":-73.9720675}
{"full_address":"2500 Sand Hill Rd, Menlo Park, CA 94025","Coordinates":[37.4217876,-122.2047901266],"Latitude":37.4217876,"Longitude":-122.2047901266}
{"full_address":"13100 Wortham Center Dr, Houston, TX 77065","Coordinates":[29.92059465,-95.6154779129],"Latitude":29.92059465,"Longitude":-95.6154779129}
{"full_address":"2800 N Central Ave, Phoenix, AZ 85004","Coordinates":[33.4788349,-112.0742543445],"Latitude":33.4788349,"Longitude":-112.0742543445}
{"full_address":"269-299 Bassett St, San Jose, CA 95110","Coordinates":[37.3391153,-121.9003916],"Latitude":37.3391153,"Longitude":-121.9003916}
{"full_address":"940 Wadsworth Blvd, Lakewood, CO 80214","Coordinates":[39.7317155,-105.0810267246],"Latitude":39.7317155,"Longitude":-105.0810267246}
{"full_address":"33 Broad St, Boston, MA 2109","Coordinates":[42.3584376,-71.0544618762],"Latitude":42.3584376,"Longitude":-71.0544618762}
{"full_address":"4300 N Miller Rd, Scottsdale, AZ 85251","Coordinates":[33.4980276,-111.9182514],"Latitude":33.4980276,"Longitude":-111.9182514}
{"full_address":"4250 Congress St, Charlotte, NC 28209","Coordinates":[35.1552442351,-80.8376361251],"Latitude":35.1552442351,"Longitude":-80.8376361251}
{"full_address":"10101 Harwin Dr, Houston, TX 77036","Coordinates":[29.718171,-95.543313],"Latitude":29.718171,"Longitude":-95.543313}
{"full_address":"2001 Siesta Dr, Sarasota, FL 34239","Coordinates":[27.3029286666,-82.5296718236],"Latitude":27.3029286666,"Longitude":-82.5296718236}
{"full_address":"1228 15th St, Denver, CO 80202","Coordinates":[39.7477765443,-104.9981265801],"Latitude":39.7477765443,"Longitude":-104.9981265801}
{"full_address":"18835 N Thompson Peak Pky, Scottsdale, AZ 85255","Coordinates":[33.6568323,-111.8663441],"Latitude":33.6568323,"Longitude":-111.8663441}
{"full_address":"889 Elm St, Manchester, NH 3101","Coordinates":[42.99105,-71.462955],"Latitude":42.99105,"Longitude":-71.462955}
{"full_address":"50 Hurt Plz SE, Atlanta, GA 30303","Coordinates":[33.7542100126,-84.3875174644],"Latitude":33.7542100126,"Longitude":-84.3875174644}
{"full_address":"200 Pine Ave, Long Beach, CA 90802","Coordinates":[33.76942,-118.192284],"Latitude":33.76942,"Longitude":-118.192284}
{"full_address":"23-29 School St, Boston, MA 2108","Coordinates":[42.357718,-71.0589018333],"Latitude":42.357718,"Longitude":-71.0589018333}
{"full_address":"370 Lexington Ave, New York, NY 10017","Coordinates":[40.7508402,-73.9769205],"Latitude":40.7508402,"Longitude":-73.9769205}
{"full_address":"9380 Station St, Lone Tree, CO 80124","Coordinates":[39.545822,-104.870222],"Latitude":39.545822,"Longitude":-104.870222}
{"full_address":"40 Galesi Dr, Wayne, NJ 7470","Coordinates":[40.89810985,-74.2440084358],"Latitude":40.89810985,"Longitude":-74.2440084358}
{"full_address":"675 Town Square Blvd, Garland, TX 75040","Coordinates":[32.9543547,-96.6118188],"Latitude":32.9543547,"Longitude":-96.6118188}
{"full_address":"1 S 450 Summit Ave, Oakbrook Terrace, IL 60181","Coordinates":[41.8576671,-87.9732257],"Latitude":41.8576671,"Longitude":-87.9732257}
{"full_address":"6840-6842 Fort Dent Way, Tukwila, WA 98188","Coordinates":[47.4679725,-122.2475587024],"Latitude":47.4679725,"Longitude":-122.2475587024}
{"full_address":"241 W 37th St, New York, NY 10018","Coordinates":[40.753836,-73.9908739144],"Latitude":40.753836,"Longitude":-73.9908739144}
{"full_address":"1975 W El Camino Real, Mountain View, CA 94040","Coordinates":[37.3941874004,-122.0987451437],"Latitude":37.3941874004,"Longitude":-122.0987451437}
{"full_address":"16903 Red Oak Dr, Houston, TX 77090","Coordinates":[30.01477,-95.44294],"Latitude":30.01477,"Longitude":-95.44294}
{"full_address":"1855 W Baseline Rd, Mesa, AZ 85202","Coordinates":[33.3774863,-111.8742664201],"Latitude":33.3774863,"Longitude":-111.8742664201}
{"full_address":"8609 Westwood Center Dr, Vienna, VA 22182","Coordinates":[38.928954,-77.245949],"Latitude":38.928954,"Longitude":-77.245949}
{"full_address":"1001 Brickell Bay Dr, Miami, FL 33131","Coordinates":[25.763898,-80.189922],"Latitude":25.763898,"Longitude":-80.189922}
{"full_address":"301 W Atlantic Ave, Delray Beach, FL 33444","Coordinates":[26.461705,-80.076276],"Latitude":26.461705,"Longitude":-80.076276}
{"full_address":"16800 N Dallas Pky, Dallas, TX 75248","Coordinates":[32.9764166,-96.8236034],"Latitude":32.9764166,"Longitude":-96.8236034}
{"full_address":"507 N Sam Houston Pky E, Houston, TX 77060","Coordinates":[29.9382989286,-95.3903050714],"Latitude":29.9382989286,"Longitude":-95.3903050714}
{"full_address":"2000 Glades Rd, Boca Raton, FL 33431","Coordinates":[26.368061873,-80.1230981065],"Latitude":26.368061873,"Longitude":-80.1230981065}
{"full_address":"545 E John Carpenter Fwy, Irving, TX 75062","Coordinates":[32.8589009694,-96.934913551],"Latitude":32.8589009694,"Longitude":-96.934913551}
{"full_address":"1825 K St NW, Washington, DC 20006","Coordinates":[38.902607,-77.0422003265],"Latitude":38.902607,"Longitude":-77.0422003265}
{"full_address":"381 Park Ave S, New York, NY 10016","Coordinates":[40.7425017,-73.984456],"Latitude":40.7425017,"Longitude":-73.984456}
{"full_address":"110 W 11th St, Los Angeles, CA 90015","Coordinates":[34.0391377056,-118.2583751303],"Latitude":34.0391377056,"Longitude":-118.2583751303}
{"full_address":"2021 E 5th St, Austin, TX 78702","Coordinates":[30.2594656,-97.7202066546],"Latitude":30.2594656,"Longitude":-97.7202066546}
{"full_address":"1550 N Northwest Hwy, Park Ridge, IL 60068","Coordinates":[42.0344512,-87.8650704],"Latitude":42.0344512,"Longitude":-87.8650704}
{"full_address":"6320 Canoga Ave, Woodland Hills, CA 91367","Coordinates":[34.18499,-118.59722],"Latitude":34.18499,"Longitude":-118.59722}
{"full_address":"2415 E Camelback Rd, Phoenix, AZ 85016","Coordinates":[33.5092551863,-112.0297414781],"Latitude":33.5092551863,"Longitude":-112.0297414781}
{"full_address":"1141 Shady Ln, Austin, TX 78721","Coordinates":[30.2626513,-97.690715474],"Latitude":30.2626513,"Longitude":-97.690715474}
{"full_address":"5440 Morehouse Dr, San Diego, CA 92121","Coordinates":[32.894367,-117.201095],"Latitude":32.894367,"Longitude":-117.201095}
{"full_address":"1155 Business Center Dr, Horsham, PA 19044","Coordinates":[40.1706567,-75.1490927],"Latitude":40.1706567,"Longitude":-75.1490927}
{"full_address":"333 W Ohio St, Chicago, IL 60654","Coordinates":[41.8922791624,-87.6361345764],"Latitude":41.8922791624,"Longitude":-87.6361345764}
{"full_address":"3331 Street Rd, Bensalem, PA 19020","Coordinates":[40.1192350385,-74.9603228971],"Latitude":40.1192350385,"Longitude":-74.9603228971}
{"full_address":"2401 E Randol Mill Rd, Arlington, TX 76011","Coordinates":[32.7483896547,-97.0667903712],